headline,url,date,domain
Nation driving global green investments,http://europe.chinadaily.com.cn/a/202508/14/WS689d458fa310b236346f1995.html,20250814T060000Z,europe.chinadaily.com.cn
Nation driving global green investments,http://africa.chinadaily.com.cn/a/202508/14/WS689d458fa310b236346f1995.html,20250814T083000Z,africa.chinadaily.com.cn
Featured news and headlines,https://news.ku.edu/news/article/study-traces-history-of-legislation-to-help-low-income-households-pay-for-energy,20250812T144500Z,news.ku.edu
"Duke Energy Florida Generates Clean Energy , Customer Savings With Completion of Madison County Solar Site",https://www.marketscreener.com/news/duke-energy-florida-generates-clean-energy-customer-savings-with-completion-of-madison-county-solar-ce7c51d9da8bff27,20250814T140000Z,marketscreener.com
Energy Star program may be eliminated or privatized by Trump administration : NPR,https://www.npr.org/2025/08/13/nx-s1-5432617/energy-star-trump-cost-climate-change,20250815T120000Z,npr.org
1  Boring  Stock Offering an Over 7 . 4 % Annual Dividend Yield,https://www.fool.com/investing/2025/08/14/1-boring-stock-offering-an-over-74-annual-dividend/,20250815T090000Z,fool.com
Duke Energy asks regulators for permission to merge Carolina utilities,https://www.yahoo.com/news/articles/duke-energy-asks-regulators-permission-011554993.html,20250815T021500Z,yahoo.com
Duke Energy asks regulators for permission to merge Carolina utilities,https://www.yahoo.com/news/articles/duke-energy-asks-regulators-permission-231419873.html,20250815T000000Z,yahoo.com
Top 10 countries fostering effective energy transition in 2025 : Where does India rank ? ,https://indianexpress.com/article/trending/top-10-listing/top-10-countries-fostering-effective-energy-transition-in-2025-where-does-india-rank-10188386/,20250814T144500Z,indianexpress.com
10 No - Bake Energy Bites to Power Your Workouts ! – One Green Planet,https://www.onegreenplanet.org/vegan-food/no-bake-energy-bites/,20250812T144500Z,onegreenplanet.org
Combining Duke Energy Carolinas and Duke Energy Progress projected to save customers over $1B in future costs,http://www.prnewswire.com/news-releases/combining-duke-energy-carolinas-and-duke-energy-progress-projected-to-save-customers-over-1b-in-future-costs-302530620.html,20250814T214500Z,prnewswire.com
Government urges households to check if they can save £150 on energy bills,https://www.independent.co.uk/news/uk/home-news/warm-home-discount-150-warning-energy-eligibility-benefits-b2806186.html,20250813T010000Z,independent.co.uk
AGL Energy Renewable Development Pipeline to Offset Coal Headwinds Over the Long Term,https://www.morningstar.com/company-reports/1321259-agl-energys-renewable-development-pipeline-to-offset-coal-headwinds-over-the-long-term,20250813T150000Z,morningstar.com
"Glutless Energy Reviews (* The Success Story That Shows What Is Possible *) SIDE EFFECTS , INGREDIENTS , WALMART , AMAZON",https://elet-prod.s3.amazonaws.com/glutlessenergy/video/glutlessenergyreviews-scsjl.html,20250901T160000Z,elet-prod.s3.amazonaws.com
"Opinion - Amid bitter partisanship , permitting reform is a golden opportunity for bipartisanship",https://www.yahoo.com/news/articles/opinion-amid-bitter-partisanship-permitting-190000366.html,20250816T213000Z,yahoo.com
Fiscal support for energy security set at Rp402 . 4 tln in 2026 : Prabowo,https://en.antaranews.com/news/373681/fiscal-support-for-energy-security-set-at-rp4024-tln-in-2026-prabowo,20250815T141500Z,en.antaranews.com
Energy Star program may be eliminated or privatized by Trump administration : NPR,https://www.npr.org/transcripts/nx-s1-5432617,20250815T120000Z,npr.org
"Glutless Energy Reviews (* Client Success That Proves Performance Works *) SIDE EFFECTS , INGREDIENTS , WALMART , AMAZON",https://elet-prod.s3.amazonaws.com/glutlessenergy/video/glutlessenergyreviews2025-xddg2.html,20250903T224500Z,elet-prod.s3.amazonaws.com
"Glutless Energy Reviews $ (* A Life Changing Experience That Delivered Real Results *) SIDE EFFECTS , INGREDIENTS , WALMART , AMAZON",https://elet-prod.s3.amazonaws.com/glutlessenergy/video/glutlessenergyreviews-327qg.html,20250903T234500Z,elet-prod.s3.amazonaws.com
"Glutless Energy Reviews 2025 ( A Client Journey to a Better Life ) Side Effects , Ingredients [ 8OHKR9748 ] ",https://gwa-prod-pxm-api.s3.amazonaws.com/glutlessenergy/video/glutlessenergyreviews2025-yx4h7.html,20250827T214500Z,gwa-prod-pxm-api.s3.amazonaws.com
"Opinion : Sen . Lee , let work together to make Utah a leader in the new energy era",https://www.yahoo.com/news/articles/opinion-sen-lee-let-together-180000159.html,20250819T190000Z,yahoo.com
Energy firm launches game - changing projects that will transform power grid :  Very important  ,https://finance.yahoo.com/news/energy-firm-launches-game-changing-051500380.html,20250812T064500Z,finance.yahoo.com
LiTime 12V 100Ah Smart ComFlex Battery Enables External,https://www.globenewswire.com/news-release/2025/08/15/3134417/0/en/LiTime-12V-100Ah-Smart-ComFlex-Battery-Enables-External-Communication-Starting-with-Victron-Integration.html,20250815T173000Z,globenewswire.com
"Eco Fuel Energy Saver Reviews 2025 $ (* The Eye Opening Moment That Led to Unbelievable Success *) SIDE EFFECTS , INGREDIENTS , WALMART , AMAZON",https://elet-prod.s3.amazonaws.com/ecofuelenergysaver/video/ecofuelenergysaverreviews-pnhem.html,20250903T224500Z,elet-prod.s3.amazonaws.com
Firm launches compact all - in - one solar solutions - The Nation Newspaper,https://thenationonlineng.net/firm-launches-compact-all-in-one-solar-solutions/,20250812T080000Z,thenationonlineng.net
Nigeria Energy Future - the Role of Hydrogen,https://allafrica.com/stories/202508120434.html,20250812T164500Z,allafrica.com
Energy cooperation platform within SCO launched,http://usa.chinadaily.com.cn/a/202509/03/WS68b791dca3108622abc9e8d8.html,20250903T033000Z,usa.chinadaily.com.cn
Energy cooperation platform within SCO launched,http://europe.chinadaily.com.cn/a/202509/03/WS68b791dca3108622abc9e8d8.html,20250903T030000Z,europe.chinadaily.com.cn
Bangkok Post - Fresh hope for clean energy targets,https://www.bangkokpost.com/business/general/3087806/fresh-hope-for-clean-energy-targets,20250815T233000Z,bangkokpost.com
UN secretary - general makes bold prediction about future of global energy :  We are on the cusp of a new era  ,https://www.yahoo.com/news/articles/un-secretary-general-makes-bold-053000657.html,20250814T071500Z,yahoo.com
"Glutless Energy Reviews (* Client Discovers the Ultimate Performance Secret *) SIDE EFFECTS , INGREDIENTS , WALMART , AMAZON",https://elet-prod.s3.amazonaws.com/glutlessenergy/video/glutlessenergyreviews-9xtdq.html,20250904T021500Z,elet-prod.s3.amazonaws.com
Uzbekistan and Tajikistan discuss energy cooperation and unified power system project,https://www.trend.az/business/4080654.html,20250815T043000Z,trend.az
Government Clown Denies That Energy Storage Exists,https://cleantechnica.com/2025/08/11/government-clown-denies-that-energy-storage-exists-in-space-time/,20250811T224500Z,cleantechnica.com
"Roundup : OPEC seminar highlights energy transition , cooperation",https://www.thestar.com.my/news/world/2025/07/12/roundup-opec-seminar-highlights-energy-transition-cooperation,20250712T004500Z,thestar.com.my
"Eco Fuel Energy Saver Clients Reviews ( Client Achieves Quick Success ) Side Effects , Ingredients [ JIPAY3543 ] ",https://sdtheory.s3.amazonaws.com/ecofuelenergysaver/video/ecofuelenergysaverclientsreviews-mt28d.html,20250904T204500Z,sdtheory.s3.amazonaws.com
Best Energy Star Appliances to Buy Before It Gone,https://www.popularmechanics.com/home/interior-projects/g65993807/energy-star-appliances/,20250905T230000Z,popularmechanics.com
Trump Cuts Could Exacerbate The Energy Emergency,https://www.forbes.com/sites/kellyfleming/2025/08/11/trumps-cuts-could-exacerbate-the-energy-emergency/,20250811T111500Z,forbes.com
India targeting tenfold rise in nuclear energy by 2047 : PM Modi,https://economictimes.indiatimes.com/industry/energy/power/india-targeting-tenfold-rise-in-nuclear-energy-by-2047-pm-modi/articleshow/123316880.cms,20250815T050000Z,economictimes.indiatimes.com
Maryland Gov . Wes Moore  committed  to nuclear energy as Trump builds new reactors,https://www.yahoo.com/news/articles/maryland-gov-wes-moore-committed-152100755.html,20250815T160000Z,yahoo.com
"Green Regimen Energy and Focus Consumer Reviews ( The Success Story That Shows What Is Possible ) Side Effects , Ingredients",https://gwa-prod-pxm-api.s3.amazonaws.com/greenregimenenergyandfocus/video/greenregimenenergyandfocuscustomerreviews-svku4.html,20250827T001500Z,gwa-prod-pxm-api.s3.amazonaws.com
"Eco Fuel Energy Saver Reviews 2025 (* Client Success Story That Will Inspire You *) SIDE EFFECTS , INGREDIENTS , WALMART , AMAZON",https://elet-prod.s3.amazonaws.com/ecofuelenergysaver/video/ecofuelenergysaverreviews-x9ph3.html,20250831T230000Z,elet-prod.s3.amazonaws.com
"Eco Fuel Energy Saver Reviews (* The Success Story That Shows What Is Possible *) SIDE EFFECTS , INGREDIENTS , WALMART , AMAZON",https://elet-prod.s3.amazonaws.com/ecofuelenergysaver/video/ecofuelenergysaverreviews-54418.html,20250902T061500Z,elet-prod.s3.amazonaws.com
Control and Energy Management,https://process.honeywell.com/us/en/industries/renewable-and-energy-storage-solutions/c-and-i/control-and-energy-management/white-paper,20250812T163000Z,process.honeywell.com
A Global Leader In Weather Intelligence For Boosting Energy Efficiency,https://www.forbes.com/sites/ianpalmer/2025/08/10/a-global-leader-in-weather-intelligence-for-boosting-energy-efficiency/,20250810T234500Z,forbes.com
A scalding hot  sand battery  is now heating a small Finnish town,https://www.livescience.com/technology/engineering/a-scalding-hot-sand-battery-is-now-heating-a-small-finnish-town,20250906T120000Z,livescience.com
"India hits 50 % renewable power milestone well ahead of 2030 target : Waaree Energies , Adani Green and NTPC Green in focus - Industry News",https://www.financialexpress.com/business/industry-india-hits-50-renewable-power-milestone-well-ahead-of-2030-target-waaree-energies-adani-green-and-ntpc-green-in-focusnbsp-3915035/,20250715T114500Z,financialexpress.com
NextEra Energy to meet with investors throughout September and in early October,https://www.prnewswire.com/news-releases/nextera-energy-to-meet-with-investors-throughout-september-and-in-early-october-302543689.html,20250902T120000Z,prnewswire.com
"Sabah poised for growth in renewable energy sector , says ECoS",https://www.thestar.com.my/news/nation/2025/07/23/sabah-poised-for-growth-in-renewable-energy-sector-says-ecos,20250723T081500Z,thestar.com.my
"Romania , hub for clean energy development , attracting transparent investments ( Energy minister Ivan ) ",https://www.stiripesurse.ro/romania-hub-for-clean-energy-development-attracting-transparent-investments-energy-minister-ivan_3789260.html,20250813T150000Z,stiripesurse.ro
US agency deals crushing blow to multi - billion - dollar project over decade in making :  This is bizarre  ,https://www.yahoo.com/news/articles/us-agency-deals-crushing-blow-013000715.html,20250812T023000Z,yahoo.com
